insert into users (id, username, phone, "password", email, is_verified_email, is_verified_phone, display_name, province_profile, district_profile, cost_from, cost_to, gender, is_find_roommate) values
('user-00001', 'user00001', '0987654321', '$2a$10$J4BEfdZT3rWL5lwcDOum6ugFvdTQ31zub0zJL2xMwvA3snH/KUCCy', 'user00001@gmail.com', 'V', 'V', 'Nguyễn Thùy Anh', 'Thành phố Hà Nội', '{"Quận Ba Đình", "Quận Hoàn Kiếm"}', 4000000, 5000000, 'Nữ', true),
('user-00002', 'user00002', '0987654322', '$2a$10$J4BEfdZT3rWL5lwcDOum6ugFvdTQ31zub0zJL2xMwvA3snH/KUCCy', 'user00002@gmail.com', 'V', 'V', 'Nguyễn An Chi', 'Thành phố Hà Nội', '{"Quận Ba Đình"}', 2000000, 3000000, 'Nam hoặc Nữ', true),
('user-00003', 'user00003', '0987654323', '$2a$10$J4BEfdZT3rWL5lwcDOum6ugFvdTQ31zub0zJL2xMwvA3snH/KUCCy', 'user00003@gmail.com', 'V', 'V', 'Trần Anh Thư', 'Thành phố Hà Nội', '{"Quận Hoàn Kiếm"}', 4000000, 6000000, 'Nữ', true),
('user-00004', 'user00004', '0987654324', '$2a$10$J4BEfdZT3rWL5lwcDOum6ugFvdTQ31zub0zJL2xMwvA3snH/KUCCy', 'user00004@gmail.com', 'V', 'V', 'Trần Tố Như', 'Thành phố Hồ Chí Minh', '{"Quận 1", "Quận 3"}', 2000000, 5000000, 'Nữ', true),
('user-00005', 'user00005', '0987654325', '$2a$10$J4BEfdZT3rWL5lwcDOum6ugFvdTQ31zub0zJL2xMwvA3snH/KUCCy', 'user00005@gmail.com', 'V', 'V', 'Nguyễn Bảo Quyên', 'Thành phố Hồ Chí Minh', '{"Quận 1", "Quận 3", "Quận 4"}', 5000000, 4000000, 'Nam hoặc Nữ', true),
('user-00006', 'user00006', '0987654326', '$2a$10$J4BEfdZT3rWL5lwcDOum6ugFvdTQ31zub0zJL2xMwvA3snH/KUCCy', 'user00006@gmail.com', 'V', 'V', 'Nguyễn Tú Anh', 'Thành phố Hồ Chí Minh', '{"Quận 1", "Quận 3", "Quận 4"}', 5000000, 4000000, 'Nam hoặc Nữ', true),
('user-00007', 'user00007', '0987654327', '$2a$10$J4BEfdZT3rWL5lwcDOum6ugFvdTQ31zub0zJL2xMwvA3snH/KUCCy', 'user00007@gmail.com', 'V', 'V', 'Hoàng Anh Dũng', 'Thành phố Hồ Chí Minh', '{"Quận 1", "Quận 3", "Quận 4"}', 5000000, 4000000, 'Nam', true),
('user-00008', 'user00008', '0987654328', '$2a$10$J4BEfdZT3rWL5lwcDOum6ugFvdTQ31zub0zJL2xMwvA3snH/KUCCy', 'user00008@gmail.com', 'V', 'V', 'Nguyễn Hải Bình', 'Thành phố Hồ Chí Minh', '{"Quận 1", "Quận 3", "Quận 4"}', 5000000, 4000000, 'Nam hoặc Nữ', true),
('user-00009', 'user000009', '0987654329', '$2a$10$J4BEfdZT3rWL5lwcDOum6ugFvdTQ31zub0zJL2xMwvA3snH/KUCCy', 'user00009@gmail.com', 'V', 'V', 'Trần Thế Bảo', 'Thành phố Hồ Chí Minh', '{"Quận 1", "Quận 3", "Quận 4"}', 5000000, 4000000, 'Nam', true),
('user-00010', 'user000010', '0987654320', '$2a$10$J4BEfdZT3rWL5lwcDOum6ugFvdTQ31zub0zJL2xMwvA3snH/KUCCy', 'user00010@gmail.com', 'V', 'V', 'Đinh Việt Cường', 'Thành phố Hồ Chí Minh', '{"Quận 1", "Quận 3", "Quận 4"}', 5000000, 4000000, 'Nam', true);

insert into posts (id, "name", province, district, ward, street, "type", "status", gender, cost, deposit, electricity_price, water_price, parking_price, service_price, capacity, area, created_by, "description", image_url) values
('post-00001', 'Căn hộ dịch vụ Nơ trang long, Quận Bình Thạnh', 
    'Thành phố Hồ Chí Minh', 'Quận Bình Thạnh', 'Phường 12', '482 Nơ trang long',
    'Căn hộ', 'A', 'Nam hoặc Nữ', 1500000, 1500000, 4000, 20000, 100000, 0, 2, 20, 'user-00001',
    'Với kiến trúc nhà nhỏ khá hẹp như vậy thì gia chủ nên tối giản hóa thiết kế nhà, hạn chế những nội thất không cần thiết, và thay thế bằng những vật dụng đa năng. Ngoài ra, với không gian mẫu nhà nhỏ này, việc kết hợp nhà bếp và phòng khách, và xây dựng thêm gác lửng sẽ giúp tiết kiệm không gian và mang đến vẻ đẹp riêng cho căn nhà.',
    '{"https://bayleaf.s3.amazonaws.com/property-images%2F1637552672968_IMG_9384.JPG",
    "https://bayleaf.s3.amazonaws.com/property-images%2F1637552672969_IMG_9391.JPG",
    "https://bayleaf.s3.amazonaws.com/property-images%2F1637552672969_IMG_9393.JPG",
    "https://bayleaf.s3.amazonaws.com/property-images%2F1637552672969_IMG_9389.JPG",
    "https://bayleaf.s3.amazonaws.com/property-images%2F1637552672969_IMG_9386.JPG"}'),
('post-00002', 'Căn hộ dịch vụ Nguyễn xí, Quận Bình Thạnh', 
    'Thành phố Hồ Chí Minh', 'Quận Bình Thạnh', 'Phường 26', '184/21/3 Nguyễn Xí',
    'Căn hộ', 'A', 'Nam hoặc Nữ', 5800000, 5800000, 4000, 100000, 100000, 0, 3, 24, 'user-00001',
    'Cách Vincom  , SaiGonRes .  chung cư Richmond city 5 phút  đi bộ,Gần Học Viện Cán Bộ, Công Nghiệp 4 , trường ĐH Hutech ,Ngoại Thương ,Giao Thông Vận Tải 10 phút ,Sân bay Quốc tế Tân Sơn Nhất 15 phút ,cách quận 1chỉ  20p ,gần the coffeehouse.  Highlands Coffee ,viva cafe , nhà hàng ,trung tâm thương mại khu ăn uống.',
    '{"https://bayleaf.s3.amazonaws.com/property-images%2F1599661212939_IMG_1599654282855_1599658447673.jpg",
    "https://bayleaf.s3.amazonaws.com/property-images%2F1599661225146_IMG_1599654281674_1599658446993.jpg",
    "https://bayleaf.s3.amazonaws.com/property-images%2F1599661229882_IMG_1599654282154_1599658447258.jpg",
    "https://bayleaf.s3.amazonaws.com/property-images%2F1599661236309_IMG_1599654282629_1599658447583.jpg",
    "https://bayleaf.s3.amazonaws.com/property-images%2F1599661243330_IMG_1599654280287_1599658445991.jpg"}'),
('post-00003', 'Cho thuê phòng lớn chung cư 1050, Quận Bình Thạnh', 
    'Thành phố Hồ Chí Minh', 'Quận Bình Thạnh', 'Phường 12', '4 Phan Chu Trinh',
    'Phòng cho thuê', 'A', 'Nam', 4500000, 9000000, 500000, 100000, 100000, 100000, 10, 58, 'user-00001',
    'Mình thuê nguyên chung cư nên cần cho thuê lại phòng lớn. Phòng có ban công, máy lạnh, hướng bờ kênh nên rất mát mẻ. Nhà có đầy đủ tiện nghi: Internet, Tủ lạnh, máy giặt, máy nước nóng, bếp, bàn ăn, dụng cụ nấu ăn. Không giới hạn giờ giấc. Điện nước tính theo giá nhà nước. Yêu cầu ở tối đa 2 nam, không hút thuốc.',
    '{"https://bayleaf.s3.amazonaws.com/property-images%2F1603764129856_20191215_151822_HDR.jpg",
    "https://bayleaf.s3.amazonaws.com/property-images%2F1603767903563_20191201_174603_HDR.jpg",
    "https://bayleaf.s3.amazonaws.com/property-images%2F1603767951842_20191204_112143_HDR.jpg",
    "https://bayleaf.s3.amazonaws.com/property-images%2F1603767973750_20191201_180242_HDR+%281%29.jpg",
    "https://bayleaf.s3.amazonaws.com/property-images%2F1604220534672_20201101_154723.jpg"}'),
('post-00004', 'Kí túc xá/Homestay Bùi Đình Tuý, Quận Bình Thạnh', 
    'Thành phố Hồ Chí Minh', 'Quận Bình Thạnh', 'Phường 24', '217/9/40A Bùi Đình Tuý',
    'Ký túc xá', 'A', 'Nữ', 1000000, 1000000, 3500, 100000, 0, 0, 4, 20, 'user-00002',
    'Bên mình đang tìm bạn nữ ở ghép. Ko chung chủ , giờ giấc tự do, đi bộ ra ngõ là có chợ, bách hoá xanh, nhà thuốc. Khu vực xung quanh an ninh.\nCác bạn nữ đều là sinh viên, nvvp rất hiền lành dễ thương. Nhà đang trống chỗ nên ở rất rộng rãi, thoải mái. Có thể chuyển vào ở liền nhé.',
    '{"https://bayleaf.s3.amazonaws.com/property-images%2F1603764129856_20191215_151822_HDR.jpg",
    "https://bayleaf.s3.amazonaws.com/property-images%2F1603767903563_20191201_174603_HDR.jpg",
    "https://bayleaf.s3.amazonaws.com/property-images%2F1603767951842_20191204_112143_HDR.jpg",
    "https://bayleaf.s3.amazonaws.com/property-images%2F1603767973750_20191201_180242_HDR+%281%29.jpg",
    "https://bayleaf.s3.amazonaws.com/property-images%2F1604220534672_20201101_154723.jpg"}'),
('post-00005', 'Căn hộ Ung Văn Khiêm, Quận Bình Thạnh', 
    'Thành phố Hồ Chí Minh', 'Quận Bình Thạnh', 'Phường 25', '212 Ung Văn Khiêm',
    'Căn hộ', 'A', 'Nam hoặc Nữ', 9000000, 9000000, 3500, 17000, 0, 0, 4, 50, 'user-00003',
    'Phòng siêu thoáng, diện tích 50m2, có bồn tắm, ban công, tủ quần áo siêu to, cửa sổ lớn, full nội thất, bếp và kệ bếp, vệ sinh riêng. Thang máy có password riêng. Phòng thoáng và mát, view sông Sài Gòn và landmark 81.',
    '{"https://bayleaf.s3.amazonaws.com/property-images%2F1598772661143_IMG_4713.JPG",
    "https://bayleaf.s3.amazonaws.com/property-images%2F1598772661143_IMG_4717.JPG",
    "https://bayleaf.s3.amazonaws.com/property-images%2F1598772661143_IMG_4716.JPG",
    "https://bayleaf.s3.amazonaws.com/property-images%2F1598772661143_IMG_4718.JPG",
    "https://bayleaf.s3.amazonaws.com/property-images%2F1598772661144_IMG_4719.JPG"}'),
('post-00006', 'Căn hộ 1PN có Ban Công Đề Thám, Quận 1', 
    'Thành phố Hồ Chí Minh', 'Quận 1', 'Phường Cô Giang', '69 Đề Thám',
    'Căn hộ', 'A', 'Nam hoặc Nữ', 12000000, 18000000, 4500, 0, 0, 0, 5, 45, 'user-00003',
    'Văn Minh, Lịch Sự, An Ninh, Sạch Sẽ.',
    '{"https://bayleaf.s3.amazonaws.com/property-images%2F1614176931379_IMG_0270.JPG",
    "https://bayleaf.s3.amazonaws.com/property-images%2F1614176931379_IMG_0266.JPG",
    "https://bayleaf.s3.amazonaws.com/property-images%2F1614176931381_IMG_0267.JPG",
    "https://bayleaf.s3.amazonaws.com/property-images%2F1614176931381_IMG_0271.JPG",
    "https://bayleaf.s3.amazonaws.com/property-images%2F1614176931381_IMG_0269.JPG"}'),
('post-00007', 'Phòng cho thuê Nguyen canh chan, Quận 1', 
    'Thành phố Hồ Chí Minh', 'Quận 1', 'Phường Cầu Kho', '34 Nguyen Canh Chan',
    'Phòng cho thuê', 'A', 'Nam hoặc Nữ', 4000000, 4000000, 4000, 100000, 100000, 100000, 2, 20, 'user-00004',
    'Tiện nghi, đầy đủ nội thất: Giường, nệm, tủ áo cỡ lớn, tủ lạnh, máy lạnh, vệ sinh riêng, máy giặt chung,bếp chung ở sân thượng.\nGiờ giấc tự do, không chung chủ, bạn bè đến chơi thoải mái.\nXe để ngay dưới nhà free.\nWifi cực mạnh.',
    '{"https://bayleaf.s3.amazonaws.com/property-images%2F1605753588265_received_1073393036440147.jpeg",
    "https://bayleaf.s3.amazonaws.com/property-images%2F1605753588265_received_411317753359393.jpeg",
    "https://bayleaf.s3.amazonaws.com/property-images%2F1605753588265_received_739838119965490.jpeg",
    "https://bayleaf.s3.amazonaws.com/property-images%2F1605753588265_received_733904247479351.jpeg",
    "https://bayleaf.s3.amazonaws.com/property-images%2F1605753588265_received_722169025349026.jpeg"}'),
('post-00008', 'Phòng cho thuê Nguyễn Văn Giai, Quận 1', 
    'Thành phố Hồ Chí Minh', 'Quận 1', 'Phường Đa Kao', '22 Nguyễn Văn Giai',
    'Phòng cho thuê', 'A', 'Nam hoặc Nữ', 5500000, 5500000, 4000, 100000, 150000, 100000, 2, 25, 'user-00005',
    'Phòng mới hoàn thiện 100% ngay mặt tiền Q1 ưu đãi mạnh khai trương.\nFull nt máy giặt riêng bếp riêng wc riêng ở được 2-3 người.',
    '{"https://bayleaf.s3.amazonaws.com/property-images%2F1601293344288_IMG_6760.JPG",
    "https://bayleaf.s3.amazonaws.com/property-images%2F1601293344291_IMG_6762.JPG",
    "https://bayleaf.s3.amazonaws.com/property-images%2F1601293344291_IMG_6759.JPG",
    "https://bayleaf.s3.amazonaws.com/property-images%2F1601293344291_IMG_6761.JPG",
    "https://bayleaf.s3.amazonaws.com/property-images%2F1601293344291_IMG_6763.JPG"}'),
('post-00009', 'Căn hộ Nguyễn trãi, Quận 1', 
    'Thành phố Hồ Chí Minh', 'Quận 1', 'Phường Nguyễn Cư Trinh', '212 Nguyễn Trãi',
    'Căn hộ', 'A', 'Nam hoặc Nữ', 8500000, 8500000, 4000, 100000, 150000, 100000, 2, 25, 'user-00005',
    'Phòng full NT hiện đại.\nGần ngay cv 23 tháng 9.\nGần đh Sài Gòn.\nAn ninh 24/24, toà nhà thang máy.\nGiờ giấc tự do, không chung chủ.\nƯu đãi cho hđ dài hạn',
    '{"https://bayleaf.s3.amazonaws.com/property-images%2F1697463899604_IMG_3850.JPG",
    "https://bayleaf.s3.amazonaws.com/property-images%2F1697463899604_IMG_3849.JPG",
    "https://bayleaf.s3.amazonaws.com/property-images%2F1697463899604_IMG_3848.JPG",
    "https://bayleaf.s3.amazonaws.com/property-images%2F1697463899604_IMG_3846.JPG",
    "https://bayleaf.s3.amazonaws.com/property-images%2F1697463899604_IMG_3845.JPG"}'),
('post-00010', 'Căn hộ Studio bếp xa giường, BanCol, Quận 1', 
    'Thành phố Hồ Chí Minh', 'Quận 1', 'Phường Nguyễn Thái Bình', '165 Nguyễn Thái Bình',
    'Căn hộ', 'A', 'Nam hoặc Nữ', 10000000, 10000000, 4000, 100000, 150000, 0, 2, 40, 'user-00005',
    'Phòng full NT hiện đại.\nGần ngay cv 23 tháng 9.\nGần đh Sài Gòn.\nAn ninh 24/24, toà nhà thang máy.\nGiờ giấc tự do, không chung chủ.\nƯu đãi cho hđ dài hạn',
    '{"https://bayleaf.s3.amazonaws.com/property-images%2F1697434676485_IMG_3790.JPG",
    "https://bayleaf.s3.amazonaws.com/property-images%2F1697434676485_IMG_3792.JPG",
    "https://bayleaf.s3.amazonaws.com/property-images%2F1697434676486_IMG_3793.JPG",
    "https://bayleaf.s3.amazonaws.com/property-images%2F1697434676486_IMG_3791.JPG"}'),
('post-00011', 'Phòng cho thuê Tô Hiến Thành, Quận 10', 
    'Thành phố Hồ Chí Minh', 'Quận 10', 'Phường 13', '339/1 Tô Hiến Thành',
    'Phòng cho thuê', 'A', 'Nam hoặc Nữ', 5000000, 5000000, 4000, 100000, 100000, 100000, 4, 24, 'user-00005',
    'Siêu gần siêu thị BigC, gần Vạn Hạnh Mall, gần chợ Hoà Hưng, chợ Thành Thái,...\nGần trường học (ĐH Huflit, ĐH Y khoa Phạm Ngọc Thạch, ĐH Hoa Sen, ĐH Bách Khoa, ĐH Kinh tế...)\nGần Bệnh viện 115, BV Đa khoa Vạn Hạnh, BV Trưng Vương, Viện Tim TP.HCM, phòng khám BVĐHYD,....\nKhu vực giao thông thuận lợi, gần đường lớn.',
    '{"https://bayleaf.s3.amazonaws.com/property-images%2F1634805617850_IMG_8070.JPG",
    "https://bayleaf.s3.amazonaws.com/property-images%2F1634805617850_IMG_8072.JPG",
    "https://bayleaf.s3.amazonaws.com/property-images%2F1634805617850_IMG_8081.JPG",
    "https://bayleaf.s3.amazonaws.com/property-images%2F1634805617850_IMG_8074.JPG",
    "https://bayleaf.s3.amazonaws.com/property-images%2F1634805631364_IMG_8082.JPG"}'),
('post-00012', 'CHÍNH CHỦ cho thuê văn phòng Điện biên phủ, Quận 10', 
    'Thành phố Hồ Chí Minh', 'Quận 10', 'Phường 10', '696 Điện biên phủ',
    'Nhà nguyên căn', 'A', 'Nam hoặc Nữ', 6000000, 6000000, 4000, 150000, 100000, 100000, 10, 35, 'user-00006',
    'Vị trí thuận lợi:\n- Cách vòng xoay Lý Thái Tổ chỉ 200m  thuận tiện di chuyển mđi các Quận 1,3,5,10,Tân Bình,....\n- Gần các con đường: Lê Hồng Phong, Lý Thái Tổ , 3/2 , Cao Thắng , Nguyễn Đình Chiểu,…..',
    '{"https://bayleaf.s3.amazonaws.com/property-images%2F1637638671219_IMG_3713.JPG",
    "https://bayleaf.s3.amazonaws.com/property-images%2F1637638671222_IMG_3721.JPG",
    "https://bayleaf.s3.amazonaws.com/property-images%2F1637638671222_IMG_3722.JPG",
    "https://bayleaf.s3.amazonaws.com/property-images%2F1637638671222_IMG_3723.JPG",
    "https://bayleaf.s3.amazonaws.com/property-images%2F1637638671222_IMG_3726.JPG"}'),
('post-00013', 'Căn hộ Điện biên phủ, Quận 10', 
    'Thành phố Hồ Chí Minh', 'Quận 10', 'Phường 10', '358 Điện biên phủ',
    'Căn hộ', 'A', 'Nam hoặc Nữ', 6500000, 6500000, 4000, 100000, 0, 0, 3, 30, 'user-00006',
    'STUDIO SỐNG ẢO VINTAGE FULL NỘI THẤT',
    '{"https://bayleaf.s3.amazonaws.com/property-images%2F1625746779257_IMG_3726.JPG",
    "https://bayleaf.s3.amazonaws.com/property-images%2F1625746779258_IMG_3731.JPG",
    "https://bayleaf.s3.amazonaws.com/property-images%2F1625746779259_IMG_3732.JPG",
    "https://bayleaf.s3.amazonaws.com/property-images%2F1625746779259_IMG_3725.JPG",
    "https://bayleaf.s3.amazonaws.com/property-images%2F1625746779259_IMG_3728.JPG"}'),
('post-00014', 'Phòng cho thuê Hương Giang, Quận 10', 
    'Thành phố Hồ Chí Minh', 'Quận 10', 'Phường 15', 'J9B Hương Giang',
    'Nhà nguyên căn', 'A', 'Nam hoặc Nữ', 5500000, 5500000, 3800, 100000, 0, 50000, 4, 40, 'user-00006',
    '- Phòng có gác lớn ~40m2, ở được 3-5 bạn\n- FULL NỘI THẤT (Tủ lạnh - Máy lạnh - Máy giặt - Kệ bếp - Tủ đồ)\n- Có nơi phơi đồ - nấu ăn ngoài trời. (Có video)\n- Mở cửa sổ theo ý khách khi dọn vào.\n- Giờ giấc tự do - chi phí có điện, nước, rác và wifi.\n- Free 2 xe máy.',
    '{"https://bayleaf.s3.amazonaws.com/property-images%2F1615645489982_9A699DD6-0D17-4C95-B9F9-9C12CC7E7796.JPG",
    "https://bayleaf.s3.amazonaws.com/property-images%2F1615645489980_914CAA72-C18D-45E5-8597-FF63BDE50B49.JPG",
    "https://bayleaf.s3.amazonaws.com/property-images%2F1615645605051_18FCAF5E-F85F-447B-9493-223360967CF8.HEIC",
    "https://bayleaf.s3.amazonaws.com/property-images%2F1615645605052_FA8A97C5-BB0F-482A-AFCF-112C66B27FD9.HEIC",
    "https://bayleaf.s3.amazonaws.com/property-images%2F1615645605052_8273B771-3A36-4D2E-9E97-4470D245D3EF.HEIC"}'),
('post-00015', 'Kí túc xá/Homestay Hồ Bá Kiện, Quận 10', 
    'Thành phố Hồ Chí Minh', 'Quận 10', 'Phường 15', '166/3 Hồ Bá Kiện',
    'Ký túc xá', 'A', 'Nam hoặc Nữ', 1700000, 1700000, 0, 0, 0, 0, 4, 25, 'user-00006',
    'Giờ giấc tự do, không chung chủ',
    '{"https://bayleaf.s3.amazonaws.com/property-images%2F1617525242012_IMG_5553.JPG",
    "https://bayleaf.s3.amazonaws.com/property-images%2F1617525242009_IMG_5547.JPG",
    "https://bayleaf.s3.amazonaws.com/property-images%2F1617525242013_IMG_5549.JPG",
    "https://bayleaf.s3.amazonaws.com/property-images%2F1617525242013_IMG_5554.JPG",
    "https://bayleaf.s3.amazonaws.com/property-images%2F1617525242013_IMG_5548.JPG"}'),
('post-00016', 'Ký túc xá quận Thủ Đức', 
    'Thành phố Hồ Chí Minh', 'Quận Thủ Đức', 'Phường Hiệp Bình Phước', '10 Đường số 4',
    'Ký túc xá', 'A', 'Nam hoặc Nữ', 1500000, 1500000, 0, 0, 0, 0, 8, 30, 'user-00006',
    'giá 1tr3-1tr5/tháng/người ( bao gồm điện nước + wifi , không phụ thu thêm phí )',
    '{"https://bayleaf.s3.ap-southeast-1.amazonaws.com/property-images/fa7d4c8e-692e-4cc7-bf85-0fcad740b16c/2b271aa2-779e-4bb3-b9dc-0a730084fc22-46325561_1975119655915194_6045991570992267264_n.jpg",
    "https://bayleaf.s3.ap-southeast-1.amazonaws.com/property-images/fa7d4c8e-692e-4cc7-bf85-0fcad740b16c/e23ca9fb-bbfe-4e10-80ef-e073b2481ded-46288057_1975119719248521_6531539702569238528_n.jpg",
    "https://bayleaf.s3.ap-southeast-1.amazonaws.com/property-images/fa7d4c8e-692e-4cc7-bf85-0fcad740b16c/400d01de-11d3-4315-823f-eea203a54a4b-46407192_1975119729248520_4310904613965398016_n.jpg",
    "https://bayleaf.s3.ap-southeast-1.amazonaws.com/property-images/fa7d4c8e-692e-4cc7-bf85-0fcad740b16c/3ba92e00-bf59-4b06-af55-d679c440dc92-46400353_1975119739248519_7081665708278415360_n.jpg",
    "https://bayleaf.s3.ap-southeast-1.amazonaws.com/property-images/fa7d4c8e-692e-4cc7-bf85-0fcad740b16c/7cf8fca4-eeb5-47aa-bda9-638ee9703af7-46482005_1975119789248514_8873260854234054656_n.jpg"}'),
('post-00017', 'Kí túc xá/Homestay cao cấp đường số 9, Quận Thủ Đức', 
    'Thành phố Hồ Chí Minh', 'Quận Thủ Đức', 'Phường Linh Tây', '39A đường số 9',
    'Ký túc xá', 'A', 'Nam hoặc Nữ', 1350000, 1350000, 0, 0, 0, 0, 6, 25, 'user-00007',
    'Còn trống chỗ cho cả nam và nữ Giá chỉ từ: 1tr350k /1 người… Nhanh nhanh còn kịp. Vị trí đắc địa ngay trung tâm Thủ Đức Có trạm xe buýt trước nhà cách 50m. Mặt tiền đường lớn, trước nhà có chợ, siêu thị…. Thuận tiện qua Quận 9, Bình Thạnh. Cách chợ Thủ Đức 3p chạy xe Cách các trường Đại học Ngân Hàng, Đại học Cảnh Sát Nhân Dân 5p đi bộ Cách Trường ĐH Sư Phạm Kỹ Thuật, Cao Đẳng Công Nghệ Thủ Đức,.. 5p chạy xe. Nhà mới, trang bị tiện nghi cao cấp, giường có rèm che, ván gỗ ngăn cách, sàn lót gỗ... Máy lạnh cho mỗi phòng, nước nóng năng lượng mặt trời, máy giặt, tủ quần áo, tủ gỗ dưới giường.... Không gian bếp và sân thượng riêng biệt tạo cảm giác thoải mái trong sinh hoạt. Người dọn vệ sinh 1 tuần 2 lần......... ☀Ưu tiên các bạn ở là dân văn phòng, hoặc sinh viên có ý thức cao để mọi người cùng nhau giữ vệ sinh sạch sẽ và lâu dài. Đặc biệt giá trên đã bao gồm mọi chi phí điện, nước, wifi, giúp việc ^^',
    '{"https://bayleaf.s3.amazonaws.com/property-images%2F1617934581284_IMG_20201004_104927.jpg",
    "https://bayleaf.s3.amazonaws.com/property-images%2F1617934593826_IMG_20201004_104904.jpg",
    "https://bayleaf.s3.amazonaws.com/property-images%2F1617934605653_IMG_20201004_104902.jpg",
    "https://bayleaf.s3.amazonaws.com/property-images%2F1617934622914_IMG_20201004_104901.jpg",
    "https://bayleaf.s3.amazonaws.com/property-images%2F1617934641602_IMG_20201004_104859.jpg"}'),
('post-00018', 'Căn hộ Đường số 1, Quận Thủ Đức', 
    'Thành phố Hồ Chí Minh', 'Quận Thủ Đức', 'Phường Trường Thọ', '33 Đường số 1',
    'Căn hộ', 'A', 'Nam hoặc Nữ', 9000000, 18000000, 2000, 14000, 0, 100000, 4, 68, 'user-00007',
    'Nội thất: Bàn giao hoàn thiện FULL nội thất ĐẸP  ( Tủ bếp trên dưới, có máy hút mùi, bếp từ, lò nướng hiệu Maloca, phòng ngủ lát sẵn sàn gỗ, tủ quần áo, giường đôi, máy lạnh, máy nước nóng, tivi, nồi cơm điện,...).',
    '{"https://bayleaf.s3.amazonaws.com/property-images%2F1686725999457_IMG_9304.JPG",
    "https://bayleaf.s3.amazonaws.com/property-images%2F1686725999457_IMG_9301.JPG",
    "https://bayleaf.s3.amazonaws.com/property-images%2F1686725999457_IMG_9297.JPG",
    "https://bayleaf.s3.amazonaws.com/property-images%2F1686725999457_IMG_9298.JPG",
    "https://bayleaf.s3.amazonaws.com/property-images%2F1686725999457_IMG_9296.JPG"}'),
('post-00019', 'Phòng ở ghép hiện đại, phù hợp xu hướng Gen Z', 
    'Thành phố Hồ Chí Minh', 'Quận Thủ Đức', 'Phường Hiệp Bình Chánh', 'Hẻm 117 Đường số 16',
    'Phòng ở ghép', 'A', 'Nữ', 2200000, 2200000, 0, 0, 0, 0, 4, 70, 'user-00007',
    'Quá mợt mỏi với việc tìm nhà\nSao không qua ở với Happy Young House nè\nTiện nghi 10* đã đầy đủ hết, chỉ cần đến là ở:\n#FREE chi phí điện, nước, wifi, chi phí bảo trì,...\nĐồ dùng bếp đầy đủ từ a-z, có tủ lạnh, máy giặt, máy lạnh \nKhông gian làm việc, học tập thoải mái.\nKiến trúc được thiết kê theo phong cách hiện đại, trẻ trung.\nBạn chung phòng được phỏng vấn trước khi ở, là những tri thức trẻ (sinh viên, người đi làm) hướng đến lối sống tích cực và kết nối thân thiện với nhau.',
    '{"https://bayleaf.s3.amazonaws.com/property-images%2F1684726107550_received_632558301707742.jpeg",
    "https://bayleaf.s3.amazonaws.com/property-images%2F1684726107550_7bbe196f-6c33-469e-a556-f1a0ec4a136b.jpg",
    "https://bayleaf.s3.amazonaws.com/property-images%2F1684726107550_received_3510963739229751.jpeg",
    "https://bayleaf.s3.amazonaws.com/property-images%2F1684726107550_received_769334278170442.jpeg",
    "https://bayleaf.s3.amazonaws.com/property-images%2F1684726107545_received_1352202638671713.jpeg"}'),
('post-00020', 'Phòng ở ghép ngay cạnh Cầu Bình Lợi - Gigamall, Thủ Đức', 
    'Thành phố Hồ Chí Minh', 'Quận Thủ Đức', 'Phường Hiệp Bình Chánh', '5/3 Đường số 10',
    'Phòng ở ghép', 'A', 'Nam', 2200000, 2200000, 0, 0, 0, 0, 4, 70, 'user-00007',
    'Quá mợt mỏi với việc tìm nhà\nSao không qua ở với Happy Young House nè\nTiện nghi 10* đã đầy đủ hết, chỉ cần đến là ở:\n#FREE chi phí điện, nước, wifi, chi phí bảo trì,...\nĐồ dùng bếp đầy đủ từ a-z, có tủ lạnh, máy giặt, máy lạnh \nKhông gian làm việc, học tập thoải mái.\nKiến trúc được thiết kê theo phong cách hiện đại, trẻ trung.\nBạn chung phòng được phỏng vấn trước khi ở, là những tri thức trẻ (sinh viên, người đi làm) hướng đến lối sống tích cực và kết nối thân thiện với nhau.',
    '{"https://bayleaf.s3.amazonaws.com/property-images%2F1684462382557_IMG_1684462253305_1684462352374.jpg",
    "https://bayleaf.s3.amazonaws.com/property-images%2F1684462382556_IMG_1684462253309_1684462354247.jpg",
    "https://bayleaf.s3.amazonaws.com/property-images%2F1684462382556_IMG_1684462253307_1684462353407.jpg",
    "https://bayleaf.s3.amazonaws.com/property-images%2F1684462382557_IMG_1684462253302_1684462351167.jpg",
    "https://bayleaf.s3.amazonaws.com/property-images%2F1684462382557_IMG_1684462253308_1684462353791.jpg"}'),
('post-00021', 'Phòng cho thuê 122 đường Láng, Quận Đống Đa', 
    'Thành phố Hà Nội', 'Quận Đống Đa', 'Phường Thịnh Quang', 'Số nhà 9 ngách 22 ngõ 122 đường Láng 122 đường Láng',
    'Phòng cho thuê', 'A', 'Nam hoặc Nữ', 2800000, 2800000, 25000, 25000, 50000, 0, 3, 20, 'user-00008',
    'Giao thông thuận tiện , gần các trường đại học lớn như : đại học công đoàn , ngân hàng , thuỷ lợi , bách kinh xây',
    '{"https://bayleaf.s3.amazonaws.com/property-images%2F1615996013019_IMG_5456.JPG",
    "https://bayleaf.s3.amazonaws.com/property-images%2F1615996013018_IMG_5738.JPG",
    "https://bayleaf.s3.amazonaws.com/property-images%2F1615996013018_IMG_5457.JPG"}'),
('post-00022', 'Kí túc xá/Homestay Ngách 139 Ngõ 1194 Chùa Láng, Quận Đống Đa', 
    'Thành phố Hà Nội', 'Quận Đống Đa', 'Phường Láng Thượng', '57 Ngách 139 Ngõ 1194 Chùa Láng',
    'Ký túc xá', 'A', 'Nam hoặc Nữ', 1600000, 1600000, 0, 0, 0, 0, 4, 30, 'user-00008',
    'Giao thông thuận tiện , gần các trường đại học lớn như : đại học công đoàn , ngân hàng , thuỷ lợi , bách kinh xây',
    '{"https://bayleaf.s3.amazonaws.com/property-images%2F1608211568263_IMG_5306.JPG",
    "https://bayleaf.s3.amazonaws.com/property-images%2F1608211568261_IMG_5304.JPG",
    "https://bayleaf.s3.amazonaws.com/property-images%2F1608211607279_IMG_9487.JPG",
    "https://bayleaf.s3.amazonaws.com/property-images%2F1608211607279_IMG_9494.JPG",
    "https://bayleaf.s3.amazonaws.com/property-images%2F1608211607278_IMG_9506.JPG"}'),
('post-00023', 'Phòng cho thuê ở Nguyên hồng, Quận Đống Đa đủ đồ, k chung chủ', 
    'Thành phố Hà Nội', 'Quận Đống Đa', 'Phường Láng Hạ', '62 Nguyên hồng',
    'Phòng cho thuê', 'A', 'Nam hoặc Nữ', 3500000, 3500000, 4000, 80000, 0, 100000, 1, 20, 'user-00008',
    'NHÀ CHÍNH CHỦ CẦN TÌM NGƯỜI Ở 1/1 PHÒNG  Ở NGUYÊN HỒNG - Đống Đa - HN.\nNơi hội tụ người ở SIÊU SẠCH và thích ở 1 mình cho thoải mái.\nNhà ở Nguyên Hồng oto và taxi đỗ tận cửa nhà. Phòng gồm: giường, tủ, điều hoà, sàn gỗ. Giá phòng chỉ từ 3,3tr-3,5tr.\nVề nhà luôn sạch vì đã Có giúp việc dọn dẹp thường xuyên dành cho người bận rộn.',
    '{"https://bayleaf.s3.amazonaws.com/property-images%2F1597371576565_IMG_6723.JPG",
    "https://bayleaf.s3.amazonaws.com/property-images%2F1597371576566_IMG_6724.JPG",
    "https://bayleaf.s3.amazonaws.com/property-images%2F1597371614475_IMG_4295.JPG",
    "https://bayleaf.s3.amazonaws.com/property-images%2F1597371692216_IMG_6791.JPG"}'),
('post-00024', 'Căn hộ phố Trần Hữu Tước , Quận Đống Đa', 
    'Thành phố Hà Nội', 'Quận Đống Đa', 'Phường Nam Đồng', '24 phố Trần Hữu Tước',
    'Căn hộ', 'A', 'Nam hoặc Nữ', 6000000, 6000000, 300000, 150000, 100000, 100000, 4, 38, 'user-00008',
    'Nhà mặt phố nên môi trường sạch sẽ , văn minh , Tiện đi lại nằm cạnh UBND Phường, Cạnh Bảo hiểm quận đống đa , nên anh ninh đảm bảo, Cách hồ Đắc di 100m ddi lại công viện tập luyện thoáng mát . Dịch vụ ăn uống giải trí tiện lợi. hồ cách 150 m sầm uất . các trường bán kinh xung quanh 200m , cấp 1,2,3,.',
    '{"https://bayleaf.s3.amazonaws.com/property-images%2F1687159937173_071E3D0E-307F-4EEE-810D-1BFF17E5DAB1.jpg",
    "https://bayleaf.s3.amazonaws.com/property-images%2F1687159973417_019ACDB6-D863-4F00-B56C-0E5AACB76668.jpg",
    "https://bayleaf.s3.amazonaws.com/property-images%2F1687159990550_2C6B86A6-41E6-44D5-AC7C-58542AF8ABDB.jpg",
    "https://bayleaf.s3.amazonaws.com/property-images%2F1687160006091_B8420EA2-0AA5-4DFD-A066-7A723D14F9D8.jpg",
    "https://bayleaf.s3.amazonaws.com/property-images%2F1687160016876_1553EB72-FAA5-483F-B9F4-7A584763F355.jpg"}'),
('post-00025', 'Phòng cho thuê Ngõ Thông Phong, Quận Đống Đa', 
    'Thành phố Hà Nội', 'Quận Đống Đa', 'Phường Quốc Tử Giám,', '25 Ngõ Thông Phong',
    'Phòng cho thuê', 'A', 'Nam hoặc Nữ', 6000000, 6000000, 3500, 100000, 100000, 100000, 2, 35, 'user-00009',
    'Nhà chung cư mới hoàn thiện, nằm trong ngõ cách đường lớn chưa tới 1 phút đi bộ.',
    '{"https://bayleaf.s3.amazonaws.com/property-images%2F1685662920735_IMG_9431.JPG",
    "https://bayleaf.s3.amazonaws.com/property-images%2F1685662920736_IMG_9430.JPG",
    "https://bayleaf.s3.amazonaws.com/property-images%2F1685662920736_IMG_8874.JPG",
    "https://bayleaf.s3.amazonaws.com/property-images%2F1685662920739_IMG_9433.JPG",
    "https://bayleaf.s3.amazonaws.com/property-images%2F1685662920739_IMG_8879.JPG"}'),
('post-00026', 'Căn hộ 120 Vĩnh Tuy, Quận Hai Bà Trưng', 
    'Thành phố Hà Nội', 'Quận Hai Bà Trưng', 'Phường Vĩnh Tuy', '120 Vĩnh Tuy',
    'Căn hộ', 'A', 'Nam hoặc Nữ', 4500000, 4500000, 4000, 100000, 100000, 80000, 2, 35, 'user-00009',
    '!! Ch.o thu.ê Phòng ở VĨNH TUY.  Phòng vệ sinh khép kín đủ đồ : DH, BNL, giường tủ.  có KỆ BẾP nấu ăn trong phòng, VS KHÉP KÍN . Giá chỉ có: 3,8tr -4,7 tr.   Liên hệ ngay nhé',
    '{"https://bayleaf.s3.amazonaws.com/property-images%2F1670606095934_IMG_2564.JPG",
    "https://bayleaf.s3.amazonaws.com/property-images%2F1670606095935_IMG_2565.JPG",
    "https://bayleaf.s3.amazonaws.com/property-images%2F1670606177082_IMG_2568.PNG",
    "https://bayleaf.s3.amazonaws.com/property-images%2F1670606177082_IMG_2566.PNG",
    "https://bayleaf.s3.amazonaws.com/property-images%2F1670606177082_IMG_2567.PNG"}'),
('post-00027', 'Kí túc xá/Homestay Đường Minh Khai , Quận Hai Bà Trưng', 
    'Thành phố Hà Nội', 'Quận Hai Bà Trưng', 'Phường Thanh Lương', 'Số nhà 3C Đường Minh Khai',
    'Ký túc xá', 'A', 'Nam hoặc Nữ', 1500000, 1500000, 0, 0, 0, 0, 4, 25, 'user-00010',
    'HOMESTAY 874 MINH KHAI HỖ TRỢ MÙA DỊCH GIÁ CỰC SHOCK #1350K NG.    :Đã trọn gói:  tiền nhà, điện, điện điều hoà, nước, cáp, nét, rác. Nhà full đồ: TV, TL, điều hoà, NL, máy giặt, quạt, giường, đệm, chăn, ga, gối... bếp nấu, sân phơi tràn nắng.',
    '{"https://bayleaf.s3.amazonaws.com/property-images%2F1638608746136_received_623220941891207.jpeg",
    "https://bayleaf.s3.amazonaws.com/property-images%2F1638608746136_received_678237266407272.jpeg",
    "https://bayleaf.s3.amazonaws.com/property-images%2F1638608746136_received_1086872625061669.jpeg",
    "https://bayleaf.s3.amazonaws.com/property-images%2F1638608746136_received_336154710796576.jpeg"}'),
('post-00028', 'Phòng cho thuê Ngách 224 Ngõ Quỳnh - Thanh Nhàn/Hồng Mai, Quận Hai Bà Trưng', 
    'Thành phố Hà Nội', 'Quận Hai Bà Trưng', 'Phường Quỳnh Lôi', 'Số 1 Ngách 224 Ngõ Quỳnh - Thanh Nhàn/Hồng Mai',
    'Phòng cho thuê', 'A', 'Nam hoặc Nữ', 1800000, 1800000, 0, 0, 0, 0, 6, 80, 'user-00010',
    'An ninh tốt, gần các trường đại học, các tuyến phố lớn, đi lại rất tiện, có chỗ để xe rộng rãi, chủ nhà thân thiện, gần các khu trung tâm Vincom, Bệnh Viện , Timecity , Siêu Thị , Bách-Kinh-Xây...',
    '{"https://bayleaf.s3.amazonaws.com/property-images%2F1637405332143_IMG_1795.HEIC",
    "https://bayleaf.s3.amazonaws.com/property-images%2F1637405332137_IMG_1798.JPG",
    "https://bayleaf.s3.amazonaws.com/property-images%2F1637405332143_IMG_1797.JPG",
    "https://bayleaf.s3.amazonaws.com/property-images%2F1637405332143_IMG_1796.JPG"}'),
('post-00029', 'Căn hộ Minh Khai, Quận Hai Bà Trưng', 
    'Thành phố Hà Nội', 'Quận Hai Bà Trưng', 'Phường Minh Khai', '423 Minh Khai',
    'Phòng cho thuê', 'A', 'Nam hoặc Nữ', 12000000, 12000000, 0, 0, 0, 0, 3, 20, 'user-00010',
    'Căn hộ chung cư cao cấp Imperia Sky Garden. Chính chủ, 2 phòng ngủ. Nhà mình chuyển nhà nên sẽ chuyển hết đồ đi, còn lại bếp, tủ bếp, rèm cửa và 2 logia. Giảm giá nhà đối với sinh viên hoặc gia đình ít người',
    '{"https://bayleaf.s3.amazonaws.com/property-images%2F1625298228457_IMG_20210629_141920.jpg",
    "https://bayleaf.s3.amazonaws.com/property-images%2F1625298245900_IMG_20210629_215150.jpg",
    "https://bayleaf.s3.amazonaws.com/property-images%2F1625298253738_IMG_20210703_012246.jpg",
    "https://bayleaf.s3.amazonaws.com/property-images%2F1625298270321_IMG_20210629_141909.jpg",
    "https://bayleaf.s3.amazonaws.com/property-images%2F1625298259600_IMG_20210703_012243.jpg"}'),
('post-00030', 'Phòng ở ghép Hương Viên, Quận Hai Bà Trưng', 
    'Thành phố Hà Nội', 'Quận Hai Bà Trưng', 'Phường Đồng Nhân', '15/2 ngõ 15 Hương Viên Hương Viên',
    'Phòng ở ghép', 'A', 'Nam hoặc Nữ', 1500000, 1000000, 4500, 50000, 50000, 50000, 3, 20, 'user-00010',
    'Gần hồ Hương Viên tiện thể dụng, gần chợ, trường học từ mầm non đến cấp 3. Khu vực an ninh, văn minh.',
    '{"https://bayleaf.s3.amazonaws.com/property-images%2F1622806154689_7CE30B8F-416E-4D63-809C-E7D6B39E6A4E.jpg",
    "https://bayleaf.s3.amazonaws.com/property-images%2F1622806191337_B2773788-6F03-458F-997B-553B7625B0FB.jpg",
    "https://bayleaf.s3.amazonaws.com/property-images%2F1622806208050_942449D8-9AD7-4AF9-995C-AF760E3206B6.jpg",
    "https://bayleaf.s3.amazonaws.com/property-images%2F1622806222054_43270F50-9B78-47D4-9EEE-89D1CA9C20E9.jpg"}');

insert into utilities ("id", "name", "icon") values
('time', 'Giờ tự do', 'wifi'),
('no_owner', 'Chủ riêng', 'wifi'),
('wifi', 'Wifi', 'wifi'),
('tivi','Tivi', 'table-columns'),
('washing_machine','Máy giặt', 'table-columns'),
('kitchen','Nhà bếp', 'kitchen-set'),
('water_heater','Máy nước nóng', 'temperature-half'),
('air_conditioning','Điều hòa', 'temperature-half'),
('fridge','Tủ lạnh', 'snowflake'),
('pet','Cho nuôi pet', 'dog'),
('wardrobe','Tủ đồ', 'boxes-packing'),
('bed','Giường', 'bed'),
('mezzanine','Gác lửng', 'bed'),
('balcony','Ban công', 'sun'),
('window','Cửa sổ', 'sun'),
('parking','Bãi giữ xe', 'motorcycle'),
('camera','Camera an ninh', 'camera'),
('security','An ninh', 'camera'),
('bathroom','Nhà tắm riêng', 'restroom');

insert into user_like_posts (user_id, post_id) values
('user00001', 'post-00001'),
('user00001', 'post-00002'),
('user00002', 'post-00001'),
('user00003', 'post-00003'),
('user00004', 'post-00004');

insert into post_utilities (post_id, utility_id) values
('post-00001', 'wifi'),
('post-00002', 'wifi'),
('post-00003', 'wifi'),
('post-00004', 'wifi'),
('post-00005', 'wifi'),
('post-00006', 'wifi'),
('post-00007', 'wifi'),
('post-00008', 'wifi'),
('post-00009', 'wifi'),
('post-000010', 'wifi'),
('post-00001', 'washing_machine'),
('post-00003', 'washing_machine'),
('post-00004', 'washing_machine'),
('post-00005', 'washing_machine'),
('post-00006', 'washing_machine'),
('post-00006', 'kitchen'),
('post-00007', 'kitchen'),
('post-00001', 'kitchen'),
('post-00002', 'kitchen'),
('post-00003', 'kitchen'),
('post-00002', 'air_conditioning'),
('post-00003', 'air_conditioning'),
('post-00002', 'fridge'),
('post-00003', 'pet'),
('post-00004', 'pet'),
('post-00005', 'pet'),
('post-00002', 'wardrobe'),
('post-00003', 'wardrobe'),
('post-00004', 'wardrobe'),
('post-00002', 'bed'),
('post-00001', 'bed'),
('post-00003', 'bed'),
('post-00004', 'bed'),
('post-00001', 'balcony'),
('post-00002', 'balcony'),
('post-00003', 'balcony'),
('post-00004', 'balcony'),
('post-00001', 'parking'),
('post-00002', 'parking'),
('post-00003', 'parking'),
('post-00004', 'parking'),
('post-00005', 'parking'),
('post-00006', 'parking'),
('post-00007', 'parking'),
('post-00008', 'parking'),
('post-00009', 'parking'),
('post-00002', 'camera'),
('post-00005', 'camera'),
('post-00002', 'bathroom'),
('post-00003', 'bathroom'),
('post-00004', 'bathroom');